DW_TEMPO;invoice_date;ano;mes;dia;trimestre
5a04564b03b4b33895d8d3609a5cf460203c7ead978b7a0ee41e14f4a2f35845;23/06/2018;2018;6;23;2
b3d579ce0f0e0fbe39b0df63e67eb66f7d71f14093da037949eb50f9f20988d0;15/07/2018;2018;7;15;3
a3fcb8f0adc731aea296fbb4e4b0227871425b63dc64495bc5b5d612496f4aec;12/02/2019;2019;2;12;1
acf68adcea704909be938755bdcf2f93b7f531005a753915bed6dd92d8e0fd44;09/01/2019;2019;1;9;1
b355d23fe31803b09375bcd3374ad176a5ef4d507a954e99607b2220b3f4d740;01/12/2018;2018;12;1;4
21ffc5a5f2c8fcffe75a3d473e1938681c94e26526503ed7d5686c952929078a;17/12/2017;2017;12;17;4
d8130db9faa46e0e5493ebc2500e752c634b418ceefea0327e0df96576d61cd0;17/03/2018;2018;3;17;1
fe39c46ec088bfc64c2033e6f4713e2680289e2bafc5afd7a5af2a2f4b17799e;02/06/2017;2017;6;2;2
516a9e3215a1c200ac75b88da53cd54037254248114a868fa9f9e328b7d194e3;01/02/2017;2017;2;1;1
bf2acbbebf1ce72cfb816c5f634dff3028ecc38fd4d3fdcab7762b5243b84e9b;26/07/2017;2017;7;26;3
e92a051307b5b319b28eac871e37e49c79bda206444558c311bf4cee65b3892c;18/03/2017;2017;3;18;1
ef19a9605f41ee4ffac11ca28479f6f623eb3c706f12399640bcaaa8d86a2933;07/08/2018;2018;8;7;3
056595522b489c55540ebdfd6a1d985594bff2fa7ff56e46d5eac12b9e75fda7;07/02/2019;2019;2;7;1
9eff006bfa33ee85e66cb0ca5b4263a76eadd70a28c7098d3bc0072d0b369aff;24/06/2017;2017;6;24;2
0dda5d64ff21d261f6e7b710538fb8f5409e9b9928ddc388cbb7013bc40a7bf6;28/02/2018;2018;2;28;1
5bf7d045a6e4dc38cf9906278c6e2d733400172add546ef23e6c7d13888cf0a2;05/01/2018;2018;1;5;1
120737ecfba7d2a0fc4a3ba30ff6c494ad64fb3fd8e1bdfec3018772ec06ebbd;16/01/2019;2019;1;16;1
c12432850775c498b1791c5de904c8b7acda5b2ae047a42e5c1cc4e3713e7ea3;14/05/2017;2017;5;14;2
f3a8eda336280a95883323a283f913943f830621d4ee35ede8cd63c127894ce1;20/08/2017;2017;8;20;3
20343ac3a341b203b94819a211369e70916512497a86ea5c60bb115f48a6b28f;22/07/2018;2018;7;22;3
8ce10617a375578ae5043a24c53a5558530b5e2410c2ed4281cb4da3c7b060e4;20/09/2017;2017;9;20;3
98b8861eeaab77b13e3e979092ef7ee7318ec267b518162bfe8f1df7d24c8823;06/05/2017;2017;5;6;2
c867b4b91fcfc1923ee10ee6e9d37bbf206f04481eca01044ea351f23fc52c03;08/02/2017;2017;2;8;1
c45222358e00a8336f9c089811e2d060d5b410fa24147e1482d4aeb53694fb4d;18/03/2019;2019;3;18;1
9fc715cc506f6404d1256b2dec67c84f19b06528e6e4e49a6931fc2efbc23aa4;23/11/2017;2017;11;23;4
958265ee8b5af41cd187fe2d11a2e9bbbc233630020d9169b71648ee68387e78;01/07/2017;2017;7;1;3
69537ec641d21b9a584eba57addadf5468bfd8a0f40ae3487041191cd06d85f3;24/08/2017;2017;8;24;3
1ee32040b8e6ac7f4bfd948ecdf7757941a88acb99ed273567b1592bc6304796;17/02/2017;2017;2;17;1
cf283b1f2bb674351c955b908e0728995ca5dc4c556d72e1f6b1a1f63c88dedf;29/01/2019;2019;1;29;1
84b9da02401b68a3b5e10e16abbed3116985bfb6b2d54daf01af28d245e26576;16/12/2018;2018;12;16;4
d3884c582a4657ced6876f298f28621f79113e06b9ee7b4b611699d75644da5f;09/01/2018;2018;1;9;1
94e432fea64ab5c2e019db2944fcc0968c900bcdeee0fa676e7eff22eeebb4a2;01/04/2017;2017;4;1;2
12ead547d43638a7bd8f805aff1a008128eb80df1f2899ecc0d06abf3027ce81;03/02/2019;2019;2;3;1
1900066bdb599f63c99a856426903c6da579f81f6b37c6928bdf7745d11e7a7e;23/12/2017;2017;12;23;4
95a9a30a2c7a2335c49b378d54a353bb7dbc5bb1703a214e0510f6feb0ede3db;27/03/2018;2018;3;27;1
679aa80b1214f4f107ff04673b7241e998e82c91bdd6d5f60dde299c15d86850;20/03/2019;2019;3;20;1
cab6d39c0ebe8e976dc8203afe539e0464a58acd2b280d84e018ae808c33b388;19/03/2018;2018;3;19;1
c4ec053b42d22eaaf39b3edc862d46c1a198b95e0866e45bcdae185f4258d677;30/10/2018;2018;10;30;4
2a80d8af0318d5495b8a05d5d5aa357a06328075247e82ec14c8f87f41fae6e0;17/07/2018;2018;7;17;3
a36e42052dfef1b6cd3a150c81c5ce33b11931737e1f641fee77a257a4c38f4b;10/02/2019;2019;2;10;1
db8207f5fd743040c5d39c54362258f756ef62f424ad1bb984c68798904a0bf6;30/07/2018;2018;7;30;3
7eaa486bfe0e84e95f2bbb7a124682d0b693bf9bd4ceb61e9f454b7416421adf;03/09/2018;2018;9;3;3
a54a76e9687e1e1f5ba8e321fcfc76b2d7111bc46245907cbd009a144a874211;10/03/2018;2018;3;10;1
932c29ccd52e5a71ba640ee32f7a189c1d2f72cc6a538f0495bd099b2f33c5f7;14/07/2018;2018;7;14;3
d3b0ec6d192038251337b1dedbea3ed4aa819d239404d89376880d0938d3abb9;17/03/2017;2017;3;17;1
675d4950d6f162067bdbd6ce2e3be0786c18d4c2fbdca5bbd325d0d1a8118f46;11/02/2017;2017;2;11;1
7c586f8d58abec6f66fc5716286b37cac7f197578955533af0572f8d526c5f0e;23/05/2018;2018;5;23;2
7118aefc409335b372f1f51e47c4b10b46407973dcd9bdd691e4f609196d2bf5;08/09/2017;2017;9;8;3
c2804c20422a28f8482a5a466d661822d690d717e27753094abdbbd69f872c15;10/04/2018;2018;4;10;2
22dd8dd6f6f0822c896e1fd3d16a7bd518804208996b0aa7e882f701b1e1119d;24/01/2018;2018;1;24;1
02aa7d26e3de27549998503842cd8439b118d0abd76270a965677eef20f9658a;21/02/2019;2019;2;21;1
aa286c4061ca21b7bb18cd20252ad048aa8aac990749d897d7f9efb85fcf5041;22/09/2017;2017;9;22;3
e012ee5ea6ebc004d1893423df348a7ccae53d268fe52e16a7677d3b573ec631;03/06/2018;2018;6;3;2
d8a9da4aab8facae229dddee35246fb17ad7bb6dd3eaba79d56a24b7db0f8b3e;16/05/2018;2018;5;16;2
f83ff08db596bc27e7d1eab15a8f54e0ff8b2c38f33f082bd94e60988d0ac70f;12/07/2017;2017;7;12;3
6397c66d63c0c88c47e12d6502fe49e4ffeecb4b083f2dc2d495229dfaac3cbe;08/10/2017;2017;10;8;4
c0a708b6b0f1758fa942395aac9bc7a6c420a6aa5c415ed5131dc8148e7566c6;19/11/2017;2017;11;19;4
27c095b95e7f998e3c2b2ca7f4b70a20de95065eb2b29d84e8c199c1a74b09d3;09/07/2017;2017;7;9;3
d17704bd1126698ec236a47cc08f095e39e7e456684c985cfa8e6f10587755b1;21/10/2017;2017;10;21;4
cc09cb07538388202d7e8555e37f5a5781b1e93c60cb4ff1ed3732cd02a96869;12/08/2018;2018;8;12;3
a7c990c9ef9353fe1d2d25c29b45f51ef98cb2a3ca2b1c0e77bb27a46161fa39;21/08/2018;2018;8;21;3
6edfa40f4b017a641efc93c1eb2fe223588fe1c192ee941c45f9cca05210fd28;29/11/2017;2017;11;29;4
2b92c711901cf20fcfe768b025d977732189506b2d03745bec35114e0fb6fbeb;09/06/2018;2018;6;9;2
052127ea8a6f46f4d9ab17e6467d6d07189bc99582a6b5bdca5c2f48c60a1b83;21/09/2017;2017;9;21;3
ab6e3b50d854d73e01f6696a0e6f5d283faa7b4ad59f4bf5095ed5e121cb33ed;03/01/2018;2018;1;3;1
9d9313fa8a2412cc386503cd0218071541198c15e6458164c2ad938a95ee78a1;22/02/2017;2017;2;22;1
4ae6c5dca8291ce45c3936c0649c74fd164c771c674ef62a7e65d7bf4d21d15f;21/12/2017;2017;12;21;4
81e9ae742927bd679e93f857d18509f9c781b790435f0e773fd3bc13c2960a3a;16/06/2017;2017;6;16;2
11014567081c7f3dcb13afd08ffd0882f0a9f57a63397a334de697f35183197f;04/11/2017;2017;11;4;4
1191c01d7681340694c53e284861f8619491cb23b5f4464ff146c90d99c5f091;13/03/2019;2019;3;13;1
e4191fac9b1e0e083ff142c49ff671ec4e7db05dd69a3399542a40ff9c26f4b0;27/10/2018;2018;10;27;4
42f3982cbaa7b1d39db2a7a9dbb2560dcadba7c0cc339fe593da9f5ee845b7fb;03/09/2017;2017;9;3;3
59eff00102dd937ede513b37eedc3ec73c63215b9a4212204ca67cb7e4bf8e22;15/09/2018;2018;9;15;3
dd5ec7cdb84c44f219af4e9c276b4f677d145fd2c526331923628440d2d2b9db;21/04/2018;2018;4;21;2
94a0005315b3b0db34d8986d11dca73ef41e274e8722a9de443208d37da4e25e;08/04/2017;2017;4;8;2
2e2d5fecfd42650434dcdad5519ee881176c614dabe284317fd7b671ed25ea9f;26/03/2018;2018;3;26;1
63cbcc58a9bb7aae045902b185e59e9b3bd56307e20cc9fd52e51ff82b2bff8a;22/04/2017;2017;4;22;2
16a22c19b3e1f20c3c81d72d6d2928cdc82776cb35d28577b276154d0e0e73ac;04/12/2018;2018;12;4;4
cc2cc8cbc79f28c6c178c264b1570d9a9225e23d16bfbaaa7f0db2f6ba6e2771;13/07/2017;2017;7;13;3
91a0c9d389e86465baaf17dffb9a371a5ababc19b0f50d4d9160174e982600b1;19/06/2018;2018;6;19;2
43f556a6cb5fb408597d1c656a4dda88d7f3d90a2306a67c77ec3b380eb223da;02/12/2018;2018;12;2;4
62a10a0ba5760a09e377cea9ddd7381a52069fc5d07e75be2a981104a3b59b94;08/07/2018;2018;7;8;3
0d5387ac73b1519f3e36a85a2e28f17f4b69ffa1b47802eb265198c0bcb170b3;28/02/2019;2019;2;28;1
382acd69166c2ac9b395498a1770c5fd1ca7394401b3de360f683182b16f45b5;02/04/2017;2017;4;2;2
e2deb8284cb95e4102566063bc10883356cc152ca4c4211cd0c58dd3d6543d67;01/08/2018;2018;8;1;3
cd36a9d72fce6038c25a31b68ee3faa6576a1817fe5c2c7a299085fc24af39ce;18/02/2018;2018;2;18;1
997902f1ab1565143a9c480db32f4b3973133666016f1a9ebcbe1bd46bd5094e;07/03/2019;2019;3;7;1
e4172ec09875c734e381263263859cc423ee503cb732373a318dfbd6ed191c7b;01/01/2019;2019;1;1;1
e38e4e99fff9b6ed2138598cb47e316f6e24c6a18a80c238bdfee22ca6db7c57;16/12/2017;2017;12;16;4
93c22627ae6e9624b98766e3aaa29e4cd60b348f211fbc2aa7ad1d16d3866d15;11/07/2018;2018;7;11;3
536bc85181ebd184c5b7457a93b488876fe1b4b40be6aacee300d3749803c64b;19/02/2019;2019;2;19;1
c1933ef382219b8eba011e71d0aad7b2aa6863d8cd5befe0e8a940a78b0d9ff5;03/06/2017;2017;6;3;2
140e720403f7a7a0d90483cd0eecd3a08d3e8f36d19b784ba58f19c306bf97b5;27/08/2017;2017;8;27;3
f0da19829871f0296e0b92c3d0c642b7f3af28c3e14ab923fd000b7ad80b967b;25/06/2018;2018;6;25;2
cef42d36be4d5bf36d646030d78591f482c76669ec2f7bc72c5e4a0d8af1558d;13/05/2017;2017;5;13;2
95edf82f07cf50629b21f6db3ea7433b0b0087f515fef74baac13f02947d12d9;11/04/2018;2018;4;11;2
9b4ab6a0e7cd65a8ea6d04d02f99ad603b51b2131541d6d57bcb6be3cf73a3bb;05/06/2018;2018;6;5;2
4aa8aca6539aaf5f1b4d1fd3042e706b9d55e3223ae2e4f0d5cc1e31c09e57cb;16/06/2018;2018;6;16;2
ad4b06a0f36153ad01659f1df3ab192fad952eeed92ef5fb81817e04c8b02f71;14/07/2017;2017;7;14;3
01d31d73bb6140ac075a52719fd24a76f477f0cfd4673884d6cdb525123ba839;12/01/2017;2017;1;12;1
d9c453bda464fdc477e0dbdd266750d6076d4c99e4ce10fd8998d8900ea2fcee;24/10/2018;2018;10;24;4
d9c2c2fe3b2b89f7b1d41ec1e39411b8948fb499f835ebb871df4e658215e178;09/12/2018;2018;12;9;4
9830d2aa545d3f3e76acdc6eef00a2e47dd8d78739d926a5e652d0be24bbe17e;16/09/2017;2017;9;16;3
293cd32a8c86f4688419483344b0441534e0f929e60c3144981459786cae195c;04/02/2018;2018;2;4;1
687a3453f47eaa33e6dedafd3fb4b171a63e89f183e0fef76e6d5d19717fbf20;05/03/2018;2018;3;5;1
1f6dcd14f46332d6f467e4f912f7e85309de18d86014428416f1f72ecefc748d;01/01/2018;2018;1;1;1
2bebc9fd35f6737a37b453dab86c44e3ec6a0fe06fe5b0d84df4682a6c4db878;16/09/2018;2018;9;16;3
e91fe8f44300ec2004f5fd6d1a394697f07b2afb21fb956c554a24f41ff3ae8b;29/09/2017;2017;9;29;3
1a9d6eab0352f57dae284b1cd9ccdab8c2ff7e1f8e2178a62c7ca007292d7566;10/03/2017;2017;3;10;1
a9e7afc019a89c0a7b83c2ef97def14b76eec9bf6bf67ccdbc968b8a892f51b9;20/01/2019;2019;1;20;1
cf10f8e44c3a3cfdb637e70da2d1ce3f7f451c458722e1d976146985a3ea67e8;02/07/2018;2018;7;2;3
e346bb50b9ac788be95c7271620a192f3f3129b5276f0ce09a20f3708a1f9a82;18/08/2018;2018;8;18;3
db5bdaab124b90b6d910eb2349af3e6be36ea8471d8edff25b5b3e750efaa4af;10/05/2017;2017;5;10;2
5b78e706a564b06784bba5875ecf2070f1cdda83860d7dc0cffc2d21fda2acf4;09/04/2017;2017;4;9;2
5902c84f0ad9b241b185beecd8e68bedb1c215c32800f9d73a4e451cd60a1fd0;30/03/2017;2017;3;30;1
cb6858be790aba60a04273429ef5f46bd365fb974473e3cd2fa88d7fe234e678;28/10/2018;2018;10;28;4
1bca35c5410386b17c9a7eaf101959aadcdd5e5a4d58335fced9b4a0cfbc1ca3;24/01/2019;2019;1;24;1
74da667b9ec80d492d9180d699108e8525634f85188f0b7d854c093fe994a2b9;02/08/2017;2017;8;2;3
b47557962e5171a668a1173f5085fe4bfb5318456cbb46e64319a54005302503;04/02/2019;2019;2;4;1
e2189c3e7e81e8c37d037e490f57e1eef5b39a29ccf2a8f5a32b068bc587fb7b;22/11/2017;2017;11;22;4
a978a08e9d0f3d3ff05c08887dfadae2c2bffd0bc58f55dff94cac7047450b97;20/07/2017;2017;7;20;3
0781a8610e52232b3e6ed500b0da9effc91c3028e2c44045c954b2e99cc8b657;31/12/2018;2018;12;31;4
5696711bcaa07ab7c57e4171baaadf4a10ff4e74bb97d7b0540bd61dfa1f0e83;14/01/2019;2019;1;14;1
3619c11fb0d0edeea756722f0c9fe8f31616087482298eded0976688b692aee5;25/08/2018;2018;8;25;3
154558b976b456a518dba4e1ad603c11383115a6f176a578ca336fb5146c3a17;26/08/2018;2018;8;26;3
5c18a41d1ef5913aa60fb5496b04a2e66e4d162a85ad3cdbf6086219bce5438e;07/11/2018;2018;11;7;4
5531163dca4b7e2c347aa8a4e39aa5ad21e0fa945178e5b1e289bbdd7444603e;13/06/2018;2018;6;13;2
1519acbd47fe4ff6c35a1eaef485d6a786bc5f2c5171895173b2840f364a761d;07/12/2017;2017;12;7;4
f5f045e903728f0b207ef7df961100a2c22ee606a776b48241181d9bf66e4dc1;18/06/2017;2017;6;18;2
3673b3af8d50eaba22587912099bf5081a181aea2432e0171ca9758d461ba5e8;31/07/2018;2018;7;31;3
d0e48c564776661093d95b2e46c6ba5405137359922077f34d5ecd6ba6cabfec;24/07/2018;2018;7;24;3
7cfeb0dc1a368d7d99cbc0063a9bc4254461b8d85311c2313ae887ed2f9e3700;23/01/2018;2018;1;23;1
e230078b43d5e08d272b25523f30a3c02ee1c4253edf39853a6f9dd9d1a2a24a;23/09/2017;2017;9;23;3
47356b295a7b3e79b4d683e87f5c9947fc9c460de9a76ed7964174c8d492c3b1;02/02/2017;2017;2;2;1
d211acd50da0fae5cd8fb99c8938873a532632ee1c9d7a7d1b063dc6b3f058bd;01/07/2018;2018;7;1;3
73580e04eb68f28e75df8e7e0038d94dc9b943dde2602f3879e303ae5b89e976;15/09/2017;2017;9;15;3
d37af50f7e6a8a6c9ab03610b0eda5e2847472a0ee05fed9178468aa2de4638c;17/11/2017;2017;11;17;4
de1923cf58a16901fca96aa4b3e53499cb5a0800c3f5ebdd7ebf3f8fa85e308e;26/08/2017;2017;8;26;3
384d398134a585a68fc3bb6a74433e1290f86b6210514aa832bf7162398f5cf6;05/05/2018;2018;5;5;2
6d841a8b4a8e5953649e25e7d1505dfe7a1d9201325ec0f8a992c82f82956ca2;09/06/2017;2017;6;9;2
033fb519d07374390f9dbe1827160bff6b0f4d1e47fcca870932b08389ccf9ee;06/12/2017;2017;12;6;4
148b063ccfac476f09ddd581c743d645e93d3a2a56acedfb42aeb27cc9ac37bc;28/11/2018;2018;11;28;4
832bc9f98ee22beb734da0ff7d33f38400ae0d3bb71134b61e086b3df0a97817;26/01/2017;2017;1;26;1
895bf97b1943a50f9b531991f06b700eead7156c3c8e579bdd065333d3f86fcb;20/02/2018;2018;2;20;1
6f2a550ed87312d2101fd3b381d6a59d565e182b50b292487a347b1cc1e9713c;04/01/2018;2018;1;4;1
22d906ac523364949f1d57f1e5131014c93fe3693d509b751286536186190047;08/07/2017;2017;7;8;3
2e044170d9463dae8498d7fd3f44ab25d528194b0267d8e1df9ba509c8d4f3c3;23/08/2017;2017;8;23;3
860c60225ff5bdd52c67f84112e034f7def4d973b55f012e7d8dd48b114f6d4a;19/12/2018;2018;12;19;4
948e0fdec4e87662eb6f986ff06db8b1c955c9eb072daf23ccfa00514de0ac91;14/10/2018;2018;10;14;4
768209cbb5c18d1bfc4a5e4d248f24491ee7a2556a73d196b212f90f8d036247;14/10/2017;2017;10;14;4
c8be2969d7bbc07723715d324b0005c66e5dd97858b6f6598218547d1ff19e7c;28/06/2017;2017;6;28;2
339cf8d9659399e456623f14355acbb07288e1528a8c60a00ce6006769bce135;12/10/2017;2017;10;12;4
5841d96ae39e7c9dd980a9a0f3d3edcc525be8e6a10ee92553f7609abef79dff;31/01/2019;2019;1;31;1
d340da1ca8cceb1b0a34e7f2c79d455efc8b2176648346aeb4e7168e3376911b;11/03/2019;2019;3;11;1
3fa9b757f292861d7cc3bf81766b2fb2892be368c91834f285c65d66fe2d1af4;10/03/2019;2019;3;10;1
9acbe1988e0061090343c0e5f69ca78b39f864b6499d8628d46e6e8a60f135c8;29/10/2017;2017;10;29;4
91993dbf4fea24e36dcc4911de6f6d686104a4fcbe08fb42a55900ff4b41024f;31/12/2017;2017;12;31;4
481b50b06a2afe673583cff78c9e158586be4c9a0265c56bd9bf0f0ac1bd495f;07/10/2018;2018;10;7;4
36cf4d7b25c2474b8f11def8fd6d0fd481e7fcac7753000c1b692c46019ac716;11/11/2017;2017;11;11;4
1816038563c37ef6609b1d231b81f9747d04c7a72026ae3ba2b0aa63322b8005;03/08/2017;2017;8;3;3
a0fedac0fdccd395a8510fab0186613fd7f74b714675d9af3c0c2b3c76f5fa70;31/08/2017;2017;8;31;3
ac1a0412f77d5eb6a39b5923f7293dd729f1590e9f075b79a71d3abc8b0984e8;25/02/2019;2019;2;25;1
3477f403d94f9b573fd50092e1051ab73eca9ef83ee9904daf7b73b69fa90d04;25/09/2018;2018;9;25;3
b4423b7d990f415fbadb3d78e1ec9172e829dc6e7b17ad9e1204fd313a7060d0;03/10/2018;2018;10;3;4
66248ccda71838bda3895f29351b98a13795f872ae90395e0d23cb51a8695270;16/04/2018;2018;4;16;2
90997a80009f7b940d5687f3b4f89e947e09d938012c90e2b8ecfc981eefa3ef;10/12/2017;2017;12;10;4
6ca2964ecd400d47f3c0fa144311fa447c33ee26558072b3a9461c8ee3b44728;07/06/2018;2018;6;7;2
49606fe917ee45fd64cdef3a7191bdad336b7991f0cf8995e0f941c959f97060;12/03/2019;2019;3;12;1
2dab27f23e23b83b1e0819a421272f5a108e9f922092688b86f3a7ed02c4c68d;23/01/2019;2019;1;23;1
16ec006b2fb129ac898527427271b2e567e91f7f23df3c8ed63d08007619a587;15/01/2019;2019;1;15;1
4db0eacd81356d4c4a01540fe719ca3c7098997377c7ab2af44283e88661a3b4;15/10/2018;2018;10;15;4
4dbd5ba6ede4b395c9c36a36fdfd5405b257c512e832ea3d5f929cdc54e92b70;11/02/2018;2018;2;11;1
e1bc4503e2700d81e5b5b25ed98c2b0efeaad8f8fe03b56d7e6a9aa5bfe152db;06/03/2019;2019;3;6;1
ff728772d5ed38505951ed19924229f11afd75ac57d373cfa549d19d986360e1;23/04/2018;2018;4;23;2
db5b35bab4de01cd97ee23e663f9fad1d3560602fbab2d39f13f9b353c87665e;18/09/2018;2018;9;18;3
873a1c3b270a8546ee373fff061c63db222d7f54e8dc3541ebfbb67b1aa62a47;14/04/2017;2017;4;14;2
a3c3c82e98ba5be60dbfa0c99a6650ac7e8237b4754414003a005663b88a8f33;17/12/2018;2018;12;17;4
97e9183181c89e5cff178294f73e17681008d1e657bcd35f392fb6ae2f176c8a;29/01/2018;2018;1;29;1
977311e65d14ee3c8d3f05baba26fee686e543fe3d0bc04cb9833e14cc32b71a;15/12/2018;2018;12;15;4
25bd71ead73ff0b4ee1246de4d0f44f07edecb19b2659937764b3782e32aa2ff;19/03/2019;2019;3;19;1
34baef838cc2bfb9bc073f43dfd5b1acf83dea35e80891fc783d3665f4b27090;01/04/2018;2018;4;1;2
514d51cdc5f397e6bdc9e751f45313a95dd8a2de8a088edbc29626dd82f0ec4c;20/05/2018;2018;5;20;2
d760aad732e7a27a31c596f9cd5109c86be5521a71516630f5fc7468188d9d48;09/04/2018;2018;4;9;2
63fced3d5ccf75676a02c6a676f86f990ca980648b721a628bd13e4759c59043;12/08/2017;2017;8;12;3
99209f77efab1a5df2e64beba86f0b3c65489da6ce60c859cdff82c9a63d1a4b;23/07/2017;2017;7;23;3
992ca66814513d20117bdf17769104e1329b64cec3b6aeef8e0a272fdd1d2169;10/09/2017;2017;9;10;3
49119957464366604c702e1285b8f686859d967bafae0251d5d4643065f251a2;20/10/2018;2018;10;20;4
867505fed5f9c0350b8fba4d77b4a2cf6cf2bafdf8691f8bd250bd08cb46dec5;24/09/2017;2017;9;24;3
47c1ca9a0bcb0f14517dd1574a57259049c9205ee4028b60bb19b5ec7c58c86d;03/03/2017;2017;3;3;1
fc73a26a5b0b77a29dc3a3cd0a9c7b367e235d505185c760e011b80328108c38;28/04/2018;2018;4;28;2
cac747d158c21793d4bae10fb20d63b1078aeee6dd558a37d8677f12206bae58;22/01/2019;2019;1;22;1
ba6e1102c6cc8564fec57ab76e7131cb1975840df00767f778b7d0c87aaf5839;15/11/2017;2017;11;15;4
bb0fd637207a8c1181a4f606efa8c76df717467995dd196be0e47a4410453c49;21/10/2018;2018;10;21;4
f79b8b88249efd6a0b7a66e67763b56357759b1e9d8f944dce9185c3888be1ad;05/11/2017;2017;11;5;4
2e97429d14d4303ae54de5f494af3cc7f593c9ae1876fccc43d011244e658df7;16/07/2018;2018;7;16;3
9f2ecff7aed2d246e002d2012a27b2d436b7c25d3888f74251768a7f333efd85;02/05/2018;2018;5;2;2
a10685a9f738685a2d91de118804adb37a59b875431ec4fec8173c1b9ceacda1;11/02/2019;2019;2;11;1
5b23925d225eb32ac60ce8ab14f76a0f7bbe9a8984ee6a635a96d4793e84f793;24/06/2018;2018;6;24;2
5ea589dcc0f344142aa1856568ba077e849536c7d2b224844b9b2ce8329d695d;03/12/2018;2018;12;3;4
c042c2ca482482cc0b71bb3b9ab34150d533097c3765b96d44007647e088ec4a;21/02/2018;2018;2;21;1
866d49e46df64e45c2fa90072e5926a225cb19e0f3428830f1ef8805db224310;13/08/2017;2017;8;13;3
8c4d2875c509f293565c15e827260581c28fc7cb70efba7df5284fd26f88aad8;17/04/2018;2018;4;17;2
d6813cd636751c3be38668f5741b4a68444c54df99cae3214675461fce30764a;06/10/2018;2018;10;6;4
7797993b05bc98010c9dc71d4fef688e4cc6cc3fe2a828642595d9c327a156f8;12/11/2017;2017;11;12;4
d277d9bfcb43bab1c185f6c69f9516b70cb74900b927f15ad7c08f1653258560;14/04/2018;2018;4;14;2
60007f3db9313825a9b12362609fb104a76633f5f07bfb9bf76b73601937f4d8;07/04/2018;2018;4;7;2
54af1c3c91e3281ac832f7e078c44ae775fa3d1c4824c583ce3597ce92de3978;12/02/2018;2018;2;12;1
a7cc546e59cf375c5fcf9c7842224be2ade3db7cb4bb1b1d9e705eab1bcb30a6;06/03/2018;2018;3;6;1
aeec6d059a135832c008c06b1354ccbac969e4134ee0d3f35724f65cb922c466;07/01/2018;2018;1;7;1
bdc9856b7619e9cab760905e8d4ebefae474276caf69e13891ac6f34552311da;14/12/2017;2017;12;14;4
24358d969d34367bfb0657c232224aea1d06446d665bf1ea5862bd76c46a6527;26/09/2018;2018;9;26;3
e769154ba430947dff1be30a9635e493cebeec6467beb7a5c6102041636ef68f;13/01/2019;2019;1;13;1
e99ce0be5938da0a96c8b5f28f5974f3a6f8813d54de6130964e5b1b1c1586b2;16/03/2017;2017;3;16;1
846b7a9a5e5a1b18ce61c28aaecd604e9b9090a690956192fca76e80e76580af;01/12/2017;2017;12;1;4
e99d2ef36e100022dca865b6604e925dc02073a6f4aa3cc1121c25840e372a42;06/09/2017;2017;9;6;3
567fdec8870f7c8d4d0d8c1469508dd77012a7cfa17b10064d205d25f10243bd;20/10/2017;2017;10;20;4
99c6a9f70a44cd0c782b740dfc0e09674878c5e7049244b5cf3f33bd41f7a9de;23/10/2018;2018;10;23;4
249fa11d130d4a26faac6709ff9e8d75cb9c3625c7b16f40907cccd19ff6b054;17/06/2018;2018;6;17;2
639b15ffd8ce5e5cad2dff9c0ea15f7ed94231d90e08a4f27e237dce1e344c3e;15/04/2018;2018;4;15;2
18117a84b152b7071e561352021ac05ab5bb29157cccafde4c3869861cfdf6d6;04/06/2018;2018;6;4;2
da1f3db42d0dc1143a9523506c007af705925fdc439141f5fcdddef4614f2917;20/08/2018;2018;8;20;3
68b6f1bf66c574bbc4d0dfab8ef6e1b3ab28560023e53a47cfc3e91eecf85544;11/03/2018;2018;3;11;1
dfefb19822403021c6eb10334ad045e8c2b1a983f5ff41900ce0ffc9725e9da9;08/12/2018;2018;12;8;4
17ebda81b9cbfd8a2e5ceec0589d9a7926a4201359746bb708f74a60bc3b7809;30/07/2017;2017;7;30;3
f1ee01a25a0e27ed8f11886d3c5b2a4c6675a3f70d0a2b5f489d2ed8a933628a;30/04/2018;2018;4;30;2
bf6d5bb516b2b14dd010f6750cea457f0f57c90161822bf21653f060f09dd233;11/06/2018;2018;6;11;2
ef201a3ba416d12f28e04d5dc4db10a852c08a835157e661f2193dc1d806b6a6;15/08/2018;2018;8;15;3
c3593b3529515e6a58898ff1f364dea5e51f015d5842bb6b379ac0a1de032479;10/07/2018;2018;7;10;3
bf53aa1a6c4fb7a61f9e3a4d03bb585b61662a2afa7fc3925ecd55321d1f2cff;09/03/2017;2017;3;9;1
9208fcaf81ba45293ca9218912f4513c389dffd231df02c4e6696dfdcf49cbd7;22/01/2018;2018;1;22;1
4a3efd21d5246db12ba243cca223f00e16399d473f43c31aae54604097e59690;27/10/2017;2017;10;27;4
1c403a79dcc3505f791d5690b1d5356f48a2ac6d2090da83f5660f7797796729;04/08/2018;2018;8;4;3
99113e4a280b9f929fec4dbbfbd0430da599a5d58d96ce4234a2ed10be806ebc;02/06/2018;2018;6;2;2
28123ec138399bf997b361c211325221aec47e62ce1b635cc7098e424070be81;21/05/2018;2018;5;21;2
3067f9bf87ad8817dc201307672d68248460d3e92925cdc349430fce76949fb0;09/10/2018;2018;10;9;4
de472e1ed6f97dea3f3812aec412ddd0176564971bd74e03bd8be04633f24296;05/12/2018;2018;12;5;4
63a39181c5e1a9858a5a6f03a459c9214dc8e4e541127060e4c9c4a1ed92d8d5;14/06/2017;2017;6;14;2
d0f2bbdd56b39f7f3a83f16d9451ff69c4395aa794bdbcca392f615458c325bb;08/05/2018;2018;5;8;2
6c0478930222127ac907cdd146abab5d3b37a23000d6a2565fc5a61eda3d5b71;28/12/2017;2017;12;28;4
2749feb4582fd7c29df0e2cd57c67cbc396bdd3eb11ba1220d0bf2d0438f7eaa;04/09/2018;2018;9;4;3
e782190b9ab6dc624f5951bfda2cf8f9794a9d00c49c80d5e36127bc4ada2482;05/08/2018;2018;8;5;3
8178df3727414a8eaebfbaa8e77c23f3be67dce3bc27111b89c033b2597d5a11;02/04/2018;2018;4;2;2
b0e6585572d86512b3a522dcfbbecc286f078e73cfc56cc10da3964fee84d7a6;23/07/2018;2018;7;23;3
39115158cbe2b1c6b480aa77aee633aa06ca3b5d715b7b235ef65041d9503553;20/03/2018;2018;3;20;1
37b6432a6977ba90c94eceb919e70bab6ca410d02754a5963dde2c49caa8bfac;18/12/2018;2018;12;18;4
e1a3e21bf2278b53be1b1d662a7531e6684983250e400e0a7fa9cea3eed220a0;05/07/2017;2017;7;5;3
af43c203499844e06f3282a8246cc8ff04fe4a68fc61472a039a54244ffdc493;13/01/2017;2017;1;13;1
15e111b7fefe42cbaa36c43d93793c96def191dbfad61ddf718bdb53e8a97bcd;17/01/2018;2018;1;17;1
7bab33fdae24e2a525a96a3682993721d46127acab0ac36166344173956ff87f;29/12/2017;2017;12;29;4
1aa4ff245184a0e6aa587c07972eb11550990411cb2ba3ad2169d01f03f2f5b6;04/03/2018;2018;3;4;1
87840ce7212fb13ecc05af9cefd3b1977a925c723ff2de747bb596870a1bfd6c;11/11/2018;2018;11;11;4
bc47ed1ca053cb7521c0e6adf48b952dceb8fd73e0cf0d5f3e61a38ead31a98f;07/09/2017;2017;9;7;3
4264b802b00ddaadbef436df2662d9f63702bb40bbd8672936b01ae736b72c20;01/10/2017;2017;10;1;4
93964d53bebd9581bbcb8f6af095f8885afa4b691d5b46085fa886fb1a8f979c;25/06/2017;2017;6;25;2
7330c55305006443d15db047e4a1910404fa0451721401a56b5c8a09b4289818;29/03/2017;2017;3;29;1
7c53e731c1b95d3a6bfaf3163463def2398b943b6d9bf0000e4428eb6ff24fa1;05/03/2017;2017;3;5;1
af545df9748b271ea3e961cd262965b8c783ddc613f9947e588566e76a2c94a8;04/08/2017;2017;8;4;3
d44d0a39eca9bf97aa5218ebbabe041d708473308ceaf852c1a158406effc044;11/09/2018;2018;9;11;3
96865bb524718db667278b41804343c008eb90be521bd40baeee3c7784ed3072;06/08/2018;2018;8;6;3
48f2542249efd69c9001a6094b2c207fe6eb1b696d974a8b71cf765c8c2dc535;05/02/2017;2017;2;5;1
b7223a32bae9206292c8a5733787726a8bc5aa18674ff539cc872e52630e49b9;10/01/2019;2019;1;10;1
c3b20de90538bcf0945987125f82bc22c3f02ec088f52d38984a9382da81b33c;19/05/2018;2018;5;19;2
51f43c69f91a207b4e0ead1522e5fb70ab7edab822901c69d8e44f1445dfdad6;26/12/2018;2018;12;26;4
81a0ebc97c7b6810900a4c774c2ab6605c4eadea194e5a1aeda6780d1933cc1d;16/11/2017;2017;11;16;4
6c2d17cd9d6958329b1248342facaf61a0f68d8e1b3d3ff67449417ce557b69d;29/04/2017;2017;4;29;2
1a936e78ac235595a6ebd3ea8a02d2d310f5c440b605498f1f35db4e72907d35;27/09/2017;2017;9;27;3
67c5c6de8454b7a63b7dffe827ecce886e8094de7ba1d15f8b8242310c7f809e;26/05/2017;2017;5;26;2
632b77ac8a0ddaa075f910e40e7dba73774a80442256625beec33aaebe6ce340;05/05/2017;2017;5;5;2
67226e48180a44dccfda875d2da44e08e3299f82217ecf6d5d2c630e3af71645;17/02/2019;2019;2;17;1
c58addf1dd2ae2de305a243c954f452ff7658e403a4cba1fc854843f976ed91e;31/03/2017;2017;3;31;1
297ff57fa0896824a893f15d3477b507d215f7a40ce84da4e50be2a40c699799;03/05/2017;2017;5;3;2
561fb290a5672cc236483540905a245649385131c4b256d4aa3170cf1a31fde9;29/09/2018;2018;9;29;3
3381269385b500ca17e9d1b06ec0c1558f070de44f1c708f1213e838724cd7f9;29/07/2017;2017;7;29;3
773678139f8e37a66e8808a1c5876a1d70f5dc3803fbf8229becf95bd6d7dbcb;20/05/2017;2017;5;20;2
6ff0a24f857ea947ec0b7f19959bf68ba22d4c672b95645ae60f23ec4fcf4040;25/03/2018;2018;3;25;1
a037d4998a56feafc37526806de98af65a13cabc0c25e8a584fa32bad98c8b6c;06/05/2018;2018;5;6;2
34d62a427824c9722c46ee9194007fa503405ee7e651fbba2e62eb5444399e38;12/05/2018;2018;5;12;2
002ddf75ce1277009c94319f9304da5ea4e7161e5ada5ad5c167b0f66edd18a7;16/01/2018;2018;1;16;1
3cac6231943d572fa086bda3b5c590f71a9afdc00721385ea0ff3ad498731d97;02/01/2019;2019;1;2;1
3626f6561069579bab996eaf64168571d60b0a1e7b930607db2008e9ffd4e6e0;24/03/2018;2018;3;24;1
cdfd05e8d106115fb87da389ce62b6779c974bc2a958f779294679d1afa453ce;18/11/2017;2017;11;18;4
7057de78faebb8378bd1946e3f835ffa8aa9f7b7542ebf83cb9ef1598f04cdbd;08/03/2017;2017;3;8;1
768ec71a1a2c8c6acf601ee32c779f395d0d35276ba82eae78119140cf75b679;02/11/2017;2017;11;2;4
29a9ac29672aed644d83de60177a0c159e37738cf42be4fa6afc4571a93d9a78;27/04/2017;2017;4;27;2
4e7b64794e82b3856356a7aac2e6970de27c05d412f35941518fa6a7363930d4;21/03/2019;2019;3;21;1
080f38034d5c2fe4373fe01a46e4de52eeabf7dbb9fc846b6802623f551bd347;04/02/2017;2017;2;4;1
04ac194f90d845e330c94e993e4d803e800c7380b395255a9a761869c3bc929e;21/01/2017;2017;1;21;1
ed009f54adbccd0d8d2b081414c2674001e523a757e0f2660dada7f85a21a4be;11/10/2017;2017;10;11;4
b463386039c8a792884a575015937e3d758071ab7e2cbaf12b416f8db8e05d6b;26/10/2017;2017;10;26;4
b4876b3094019c7212084f5e2d4a03c601b4e36c1224f45598a59513f4321292;14/09/2017;2017;9;14;3
054dc9ec14f05e16142bd24eeaaa62f7216e45609cdc1930b06e0f0b1477cf16;03/01/2019;2019;1;3;1
c34237db25afe72799fa93413eca12009cdba12298ff62c183b6d9d0f47ce393;07/10/2017;2017;10;7;4
680c69294b9c8bbbc0e8c8f52ee844352fc6b15a82cf97883c7f8e34767e0e65;12/03/2017;2017;3;12;1
72e2cd68c8343ee0bf3b2ec60b96b193840a2f91020ea15fdcb7e856820ef74b;21/01/2018;2018;1;21;1
6a9029e9e486fdc215bcc5aff85744f8baa243595b1a586cd16d3819762eb7c7;08/10/2018;2018;10;8;4
9f3e863d2a7ae772130f450a9396d4accd5388d2577b21b8c74adeaad76242ec;02/12/2017;2017;12;2;4
16e1a2d3e620bcd645e4db1b070ee356e66a671a7141a3ff3be3b3fbb691a81e;10/06/2018;2018;6;10;2
9fd14870884025c706215bd4f486601ff4aceb66f6873644025b88e123f359bb;19/09/2018;2018;9;19;3
2b58e41371f0e813a1e0bf26e7a989bd6fe9cc35ed1ec4dbf2061351ac33dd9c;10/09/2018;2018;9;10;3
b3c6ce2a872496706cb851e7a87dcea69fec9eb1565217d8a2a01b3f3076222c;23/02/2017;2017;2;23;1
e52c657923e82544441e90ee5d2e4c46f0c9510d2cb6f1fc1325e6932166f9a7;30/01/2019;2019;1;30;1
61d0e4cf6d6b7b25a9c5f581219aec99253e45bf38381cc23bc96120415fa086;25/07/2018;2018;7;25;3
d2f7e56b618695716ba315008512465e42de59798defc1ff1f6e2cf70d7287b8;05/03/2019;2019;3;5;1
4dbf5f6e5b5eaeb669f76becef5162d154bf2569b70bb85d1d0577fe7d9c4236;14/02/2019;2019;2;14;1
6b0c8af38202cfc81645b6d3881367978b877c62cb9af05d65bbae509b55ece7;18/06/2018;2018;6;18;2
ee801e3c0a98d82dcd6d6b577c8c54f9f7ff5281a3f00884e7fdd17e82289e81;10/01/2018;2018;1;10;1
ed30e92dc7a8fbe3ed3d0af533b6a8679acbb13716a1ab543f138a836ae4fbe7;07/05/2018;2018;5;7;2
6d5adae067ff157806441f8a10025d148321b92e96fbc1a17251a231910008cb;17/11/2018;2018;11;17;4
c6b65f6a19afda96c6768281e5888a550d0ee367e57e870d527cfad8e724e47a;30/09/2017;2017;9;30;3
c9440f13caf55a87b2ee22a94356f66a256e81234484255eec6a30368f4e7172;12/03/2018;2018;3;12;1
3d1e5b1046f2834ebb5592d35c4d562e7e481b33d2b7b685504ba6d76a6fd690;04/06/2017;2017;6;4;2
3d0d7ec8c01ea8d7785c466926ffae0892bae24d5ccfb1802a1ede5a18a3f100;13/11/2018;2018;11;13;4
044a226740f0968ddf2c01ca14e5c4961fe942414fecd8ad1d8368a1ebee7f08;26/02/2018;2018;2;26;1
81e66877381042961e94a61ceb38518b3f5f8ab8a2b7dacf74e46f0536e0b84b;24/12/2018;2018;12;24;4
566caaf764b6537fe50a2163add047bff89e94cb3552ca4f34c65cca16b90295;19/06/2017;2017;6;19;2
9cdf14b7f0594112c7e870fa9e6d6d58991028229db7fa758f3b9a6196b892eb;29/08/2018;2018;8;29;3
b3695c52a7ad1f4ad3fdfe0ef3a14098546a6b1e5c89f54d5f08ef0f538809f3;07/04/2017;2017;4;7;2
36c7d49987df258cfcba6393da5400eccb1084573c68a8ce751e60fd5d669b7c;10/11/2017;2017;11;10;4
12c32b294678627ae94d562bf4e77b1712dba3652ded657b352a4e38020dbfc6;12/06/2018;2018;6;12;2
aa04aed59f3e720769e48a192d5375a957012359e0fc24d49fb37fd59ec9ce30;22/08/2018;2018;8;22;3
947574fef4d4aaa858a8d48f53fcb49ba99b2613124ca0de6222289eb89a2aac;11/08/2017;2017;8;11;3
1c26fe0d3f2c660d5de60f4c99920c2d22afbc8dcfbbfc9dcae7d6f14dd1275d;24/11/2017;2017;11;24;4
30e07395dea59e23b62c8ffd9818662bca9814d3876878146d4331b0ca4aa0b1;10/11/2018;2018;11;10;4
e3ac725a45f1f1ecf8a7ca3b54aef5bf35300af322ac9e83331f5abbc7b34ca6;27/02/2019;2019;2;27;1
9586bb64572d1fcb58c32cf388a883fe0d5e4e556920487d254bcc12b68aa2b4;07/07/2017;2017;7;7;3
39f7936df49497afd16885ba861faa7db52476620fa8f42f805203d38c536ffe;17/03/2019;2019;3;17;1
c0438b690906986decd5cad8d47e1486f7c0ae957cabd7a884d1825ea191f2f9;14/01/2018;2018;1;14;1
e72fd3913a544d5c1aa56080564313c34d9a77f032dfae08084b943ecda3b0b3;27/11/2018;2018;11;27;4
59534e54f99118242f2cb1441c118fb559840a054cfdf859714537922d97dfa2;23/12/2018;2018;12;23;4
87e8288888d5e4ad3a177a9718f6540c8157e455b0d7a35b5a53186899ef5ae3;03/03/2019;2019;3;3;1
1f7d2363394563c6582c41ffe6a443f8d79cab3c6e81a1c603810b1b958e447a;24/11/2018;2018;11;24;4
8c70eb645ddca905aa0b6ab29776bb0700c9fa29188c92bd59441f668ac9e9cf;20/04/2017;2017;4;20;2
d2a492c7a2f30e5eb8deaff275e425d475368f50ba109621cf423a94c5a8f4a0;28/03/2018;2018;3;28;1
f6b589bb9bfb32b7a358238f7466854229fef5a329046f9e1922c701e0098c0f;07/05/2017;2017;5;7;2
64f913c7edf78e74a8127b2c130deca226d27bfdd6ac45c3ecdd8dafc51065f7;18/10/2017;2017;10;18;4
c099a3dadf9e16dac63a2d8500afabf87ed18637eb53c7135af804f16519e480;05/08/2017;2017;8;5;3
5a397c0d3071758c4e76725585baa758e76ec1d78651a8cc88d475eb52ed4aea;19/10/2017;2017;10;19;4
2735c2d3313347ef5b421648acc55479aaac37ac8502dd4c67e1d4797f9d2933;01/10/2018;2018;10;1;4
4d79824c5fd06d27840ae73c5b2965ec10c16a9000581928db95333183184dfd;22/04/2018;2018;4;22;2
bba9e5f5562174f2995e534f98c3f47a1e91af6744fdc1af4203fedff37b3aeb;10/12/2018;2018;12;10;4
ca83c4af45c5f887a7512deea746e6413b7734bf35f76b09d20c87873eb8a348;17/10/2018;2018;10;17;4
175a3ff9cdf41f44c5d218ba4e5037a7ec82a812677bdf3833fce1a8107f7391;01/02/2018;2018;2;1;1
807484e386a050ebe4632e38a6d0aa24c359f9d6a68a3f5c99c69162687d5e67;22/10/2018;2018;10;22;4
843e46f9a8e5f90dd7ac5633a69127c36777446ce206fb29f005c4373080e802;15/06/2017;2017;6;15;2
1d8b9d178a31829c6f26db8911a5a42072423b25905add77f3428f4ce7e395d8;29/04/2018;2018;4;29;2
493601d0e6709a055a7ba9794b1b84b5431cfee2db114ce45508035340697c86;08/01/2018;2018;1;8;1
05e2be145acd9e684969acdae9ce1d0aeeac304a927823860d6b34f9ff68d281;13/05/2018;2018;5;13;2
acf55aca43a79021c9004de1bf40ce0c13c01959de7aa53ce5410e6f284fad89;15/02/2018;2018;2;15;1
ca8409d64eeb344769c979dc07ffa5fdcf16026275f46b19884d4d97e69f61b1;30/04/2017;2017;4;30;2
eec34876cf933f4bd5f00297acd884db50652a93ad5c4b088f004cd20013ea24;30/12/2018;2018;12;30;4
f4335e5a4ea47d1b839eef89d3a6f1e4b6e8c309486a3dfcf9e580b899f302bd;28/01/2017;2017;1;28;1
0434ff9728d519838c18fa144ad7c64f327bc9e238cbd2f393339cb01e0567d7;19/08/2017;2017;8;19;3
279914a40225c5166141be00c4082eccf8a2168bb149a3a4c8bb5df22b0a25bd;13/03/2018;2018;3;13;1
6705d6ccfb9fd19326ac102bef0d10dc89c1f783df7cd76a4ee7888a3db02de7;08/01/2019;2019;1;8;1
39126983947e1130df0daed17c8e937e7dcca17b686ff2f38982678f7b1af0e0;06/07/2017;2017;7;6;3
431c8b23da21fbce92b5e4c97c8213b73883ed2c0fe704542dfa2475100ba330;19/03/2017;2017;3;19;1
fab149d0953b519cf789bc50b34b65b747956be2915eda0f0d870f7018ccac44;17/08/2017;2017;8;17;3
787fcb4a443ecf6da834736244cd67352117ce70f7b718c90ed914e8880507e5;06/11/2018;2018;11;6;4
33d4dd8d5ab4b3bba404c57db43474da48f63de0d6292f76439bd1d3a87209d9;02/01/2018;2018;1;2;1
968ade59e7544fd58579440ef65b825e8441f5d56da4b2101f6c357a1430a232;12/09/2018;2018;9;12;3
e711291dc7469409fd075fd10e7d1d5505420ddb023f368ed0da9f2f05cf319f;20/01/2017;2017;1;20;1
9cec8b852a030c26dac9a631c503f65ed72e12dfdd0d377d80e4ad14a5a1bc9b;30/01/2018;2018;1;30;1
08968d8af9569fdae7e3bc9f1048affe7f7bb33e869ebea0d8845dbcacb4c93a;26/02/2017;2017;2;26;1
2e3ba99ba39f10a86fb9ef1265ea5ce50dc85a4c812201d83681726f2e7fcc61;21/01/2019;2019;1;21;1
b9461d54c3553a2ff8be99b4157e54282da327260d08a7c1748b860a8ce5d54a;25/03/2017;2017;3;25;1
a2d2fb4072b25ddfffc5cbf6c3d73056ea1754c51e6564305d45d7039b6408a5;20/12/2017;2017;12;20;4
ab21e7dacea49a4b404653c7f759c2b4048eb002dc392cd0706a202b1e483bfb;06/10/2017;2017;10;6;4
135c33d3c4c5faf007e9f82076716964efb34fa9ab8098b91b7e8f42557eab0c;24/03/2017;2017;3;24;1
48c20fc0afc79e6c21e248093b36f72e66bc02ca1667703c7acb10fe2bbb9465;30/06/2017;2017;6;30;2
24898f2284eb4c520df2ef5508b005b583beb92a42edf2cb9a53e4f58acf14b9;11/08/2018;2018;8;11;3
4e2cca96a24183dd6767d73a44a1ceacf0c1da8f79a1d84928b2fd5e1bc1400a;05/10/2017;2017;10;5;4
d4599950eb4afc0a39895c3653e1bcb63c9365dba641466ef5d49c3ddd49a8c8;18/05/2017;2017;5;18;2
0d2601fd91a19ef442974bef2476f199f5ef43d17c37e2ac3dce884f8a4a45ec;18/01/2018;2018;1;18;1
fe5348b38e3b43187624872fa749b1bf2df0dcc04e4b51917c7e6b6bdbf7733b;05/04/2017;2017;4;5;2
970bd404c3579bb2e8e362a9918c6faca68b985f2d3bf17d6beb6ad4282babbd;04/10/2017;2017;10;4;4
66f3d2f602a7742ba211fce3e1b6cb4b1848db5017897e5f1e5211aa4c8e19b4;25/01/2018;2018;1;25;1
1b5fbe76fce293fbf0c3cc554113586c1821b848f8a3f03eb0da0bb041745e49;19/07/2017;2017;7;19;3
54e23037d295525a893d7dcb26b4af5b2f1cfec7239a541903fbb3e204e6022c;27/02/2018;2018;2;27;1
7f75629e761cfb4768d906ffd1bf3a89bb5fd0d68eb3fbba3bbdc1c7f4188fe0;28/09/2017;2017;9;28;3
208600eb8527f156e82147e956530a040762c7b883af99118550eb2f1f9fe436;02/09/2017;2017;9;2;3
c77e4a6d85ec227aca80fd7ac6ee4d81bce9c34346b7142bb725311c95bb8b79;12/05/2017;2017;5;12;2
15cbd939a83d34c5ec7c44871e14f70aed63e9415a7d066dc1836fa7cd246f89;21/03/2018;2018;3;21;1
6ea7120881c29ca6969fe17957777db6d2ce295a3f7bd617bec36c8ec8fb8c1b;24/09/2018;2018;9;24;3
c674cbf33d1cc7406a9e99d00b47d991c4facbdbd9da7d28e574915f7307bc3a;06/01/2019;2019;1;6;1
a2b52fb104af4bdf4d447903db68acf126a9b6dc6206d3d951a0701871706685;27/05/2018;2018;5;27;2
845455408455abbab9d46d93294ec4c987880224c1326d12aa2dd2fb8905f1cc;01/05/2018;2018;5;1;2
96feadf1c07fcbf16ffbd9725ff58814e2da0c19ceba51f19144a5f207a45238;17/09/2017;2017;9;17;3
63e5d737466f79c00683db2f9fc80f7970427efcd421ab36ec7cda24f7f6623d;18/02/2017;2017;2;18;1
be510b05f455ceb14995dd47377f296d550bbe5627b7915e67328f28f37f367d;25/05/2017;2017;5;25;2
f27443303962fd82686d5e61d74d034fa2616f42cbd81acce197b3c30f024e75;21/07/2018;2018;7;21;3
372379e77e374c584727e3ccdce815d15609c75821f8e4fceb24fcfd19bf8f7a;17/05/2017;2017;5;17;2
a03b2c857279ee6b7cc2e9d234a0a24add802b017e00675a5dbdaf86312a0c3c;19/02/2017;2017;2;19;1
8d4bb5444d5f1d49ee0e2392ac7f2a3b885342d30d3a2316d9543578c2482c02;09/07/2018;2018;7;9;3
ebadf4dabd86ea42703ded4b9d9395e15fc5819cf124f4053edfabd3f02ba384;01/09/2017;2017;9;1;3
fd93d62ac62f73a83f785bf0c1b65dc77d430074587c01e76e74065520752af5;30/06/2018;2018;6;30;2
269442b26605d1224e8e55970271358487addefcc4eb95333317ad7bdcd2f1fc;27/08/2018;2018;8;27;3
bd235ffd5f5f1a8acfe1c98ce24cfcbc6a3f9d06c0336b1a144179d0427f96bc;27/01/2017;2017;1;27;1
5423b42ddc0bc9384e192aef6ff85d64e3e109eb312008a02d259de161b7ef3f;22/02/2018;2018;2;22;1
92909898edb99d7bdbb0c9ac5d54181c8f5d9874ab3de901b33eb445377ac0ee;17/06/2017;2017;6;17;2
cc590664f5813524e156c96539a589b98257abe59f9df015ee9ab4424f573f91;13/08/2018;2018;8;13;3
acf4bfa36308afe360bd3cd6bf4b2e5dd5f85adde83d49e30af373097e4cd617;07/02/2018;2018;2;7;1
893ba0914e4f15d25d45795a852fb25c2e32ed6c258abb4037b9fbf0ddea7c68;12/12/2018;2018;12;12;4
b81459ec1361051a47609bfc714437b9086c14b4e1c1afcee6562f5299296695;20/02/2019;2019;2;20;1
e331a4439ccde577f7c27891def3efa728df8f6966c055b933d878242ceacf72;25/02/2018;2018;2;25;1
aa0b675c4eae91c0c0f4b7abd223a8fed6b0312558527a52b4ae42224616f836;23/09/2018;2018;9;23;3
a42c6e3977e930dc58097f0008cf602f84af6195caabda1e08f8157fee59766a;25/11/2017;2017;11;25;4
3c3a5d2384e93eef79605d02e64c8851a00d6e67f660ca43435b38982b7d040e;18/08/2017;2017;8;18;3
4bf943d52c864cfd5aac6a51667ad96789eb913ffbada44002946bf8a61a6317;09/11/2017;2017;11;9;4
c150d03dc9fdd28272f03d944260aeb54a21a08d615af30249c043a35a477a26;24/04/2018;2018;4;24;2
8024fc9a940dedd328a18dba7acaadd41c9e2eec2ce1d8558507a06f8e474c05;18/03/2018;2018;3;18;1
115d207eadbf2867f8f3de14e1a62dd93f563c15b6ba53c001a89e27ebc9501c;08/11/2017;2017;11;8;4
8fffac826407b2242469e2dda007142a72c47086043a85ab1e70db14ad25a7e5;15/12/2017;2017;12;15;4
843996712f43fdba091be047bdc36271b6354ab6d330684ac13ba49a303bc07a;22/06/2017;2017;6;22;2
54b941bccbdb1be24aa8ddbd31001acdb20e9fcd3574a7bb3de2c7a101cea762;13/02/2018;2018;2;13;1
11477e5cc46338c648a606c8ead05d71157446c611be951106c2b86fd7c70b04;15/02/2017;2017;2;15;1
2f0942a6f3ab97b9d717af044287c6e877cb61a28fd20aa13d50800fddf31e5c;16/08/2017;2017;8;16;3
b1276866160004e4d1f04a76432703a21e4088579293bca753361aafbae0ee87;30/05/2018;2018;5;30;2
2ec461815e71b7e049d9f9504d6c58d06469ecef6271472c4aaa4077c2719e52;17/01/2019;2019;1;17;1
24931e7ff9efcb129a8fddc3cd51b602e8a7c68276f69507d1c648518574b52f;27/01/2019;2019;1;27;1
386f2fb499cc9ce58f833142eda910cf51e95c9db4683d770e37bb7d9b77936b;18/01/2017;2017;1;18;1
b74337bcad6797a3288be7e94c63f29136ef22a8f2e70b9b81277e481294081d;08/09/2018;2018;9;8;3
59a7c92a3617af3956ad4156a63dfb3cbbfd25a301faa5abe4f7484c9a70bd55;11/12/2018;2018;12;11;4
4d8390626d435f37dc3bcffa8e4a596de9cadc843cc3fb5165b3070878a632f8;23/04/2017;2017;4;23;2
e1df2517c36160fe14e277b2ee8ee5e2e508e1a7b9a91cccbbfce7bb86726e8d;27/06/2018;2018;6;27;2
0e7c0fd2b4e25bcba4bd1bf67daa6f60b21d6d05466e3967d028d1514e894e34;09/08/2017;2017;8;9;3
0dd67542316f6d5925a7ffa0d1d03a43266b86b5682cd2fe6b385e74901a3676;09/09/2018;2018;9;9;3
cc07c623cddcf1138905b88e895555a02e94a2e68db4113ef6be933ca43a9e3a;31/01/2018;2018;1;31;1
75f6252ab2460747e05e6dd5da2535a93d62fd28f1c77564a776d1f382d8c178;25/01/2017;2017;1;25;1
9a7c0513d64cd672ba549a63a8e262037fb1befcf3c7e246015d51abb7c45f04;29/05/2018;2018;5;29;2
73063b9271ccce978257d23f76de61f64b37cddfe765077f877ead76247cde1d;13/10/2018;2018;10;13;4
abc0a79b3449b4de67370788e128d273d9e039c0ec9f65b4914b9296469e72fd;06/02/2018;2018;2;6;1
55ab094257f67433174ad107e1a5dba4316de3ef83ae4313e18e1d4b0d89a72c;14/03/2019;2019;3;14;1
87c1636da83791aca7181be32a1a47f61000466ba228f19db71416771f510a52;27/12/2017;2017;12;27;4
c1eef8125a44b2303a7106031d8435d1df3ea25a0f08dad2988d9aff5a3ac5d3;28/10/2017;2017;10;28;4
d422cc08e7f9819030b227df3355b0afd43d1a2c0d0f5249e0461cf4e0062d05;05/09/2018;2018;9;5;3
31f4d47a08e367c95187acf87396dd368816fee78ffc23a76d231082760bed19;27/05/2017;2017;5;27;2
6a546ffc2e55f30646733b4a49d889791f7d6ebe145ba3a8552453f2430c82ee;11/06/2017;2017;6;11;2
a973e0a0b13560a41b9f918279e8bf5ff6673e272aee4bb3dbd756099cdfa372;22/09/2018;2018;9;22;3
659eaa7559a80708b8f9cbd5ccb557f33e8623c5febb5146fbcb619ea6b6cc66;19/11/2018;2018;11;19;4
665ddb9ad45bb69b174f4806c81270c3f6819d499b8eeae55a6303e544e79fa0;05/02/2018;2018;2;5;1
34c4070504fd2f6414cb7639fcfd8889563105acaba11297f5d147ed77774c3c;21/06/2017;2017;6;21;2
85c03332ada697b3905e171f186c0d054a318d0e045084e8a7841a7c6c9d58ef;17/09/2018;2018;9;17;3
a0d496d8c82cf5e44a86753081409c126059a54362feaa0c2fff1da88fe585fc;18/11/2018;2018;11;18;4
d9658bf65799178e8920dbc991e94c5659a95d4ce0795815befc402d3dc11882;10/10/2018;2018;10;10;4
1362fb21f868c0d2e3a340c97c4c9dca48dc5b9bd1ace6be0ebea05ed3e1d2a1;25/10/2017;2017;10;25;4
f10f3be5c1f626d0a5991498878f31fc7ebe7a9bb31bf8fb461f52131c69db75;16/10/2018;2018;10;16;4
7e931a08d2c7df8139cac18762c37694dc417ee29beba10a65c381da7f4a2903;28/07/2017;2017;7;28;3
ea7f7cc03fa219a2f39260e5980eb2eec4d2162bf6553dfb4e1c661ddd657dd7;29/07/2018;2018;7;29;3
0883cd6b48666113de75c26db3487247d85eab8777e6777e6a6c5d6ade4d99ed;01/03/2017;2017;3;1;1
4dd33321ef1ef23d87c52e0529abc94642d6305c60e19ef43f5691d438fc8d94;12/11/2018;2018;11;12;4
040fa1eeb69c3b307af464acfdec4517c24f3fc3d96b0cc7a882fa40f8e349f8;02/03/2017;2017;3;2;1
cce513a49fe324c1f3d1f4ab203466875b97464dd81030bf8e1d0daaddc05823;25/02/2017;2017;2;25;1
c887760f9aa28b86cab4ced0b05651e2ceeb693b6aea24436949f72dd8613180;15/01/2018;2018;1;15;1
be1201d31e4ec65eb33be887b1975ff3a49e85b9e7ac26658bf88d370c5fe063;16/02/2017;2017;2;16;1
ce279cb5eaa8280fc367d510aa3676acc7ade5f389e13de3e6a211b0c182e9d9;21/05/2017;2017;5;21;2
9cfebe721eb8a9820667fe36c3395e607aa664fd077489b991ece5c4563e859e;15/05/2018;2018;5;15;2
e0b80a3a7a55a0db630bcc63169063c41ea95723372308e3d3c9251785fdb8e9;30/08/2017;2017;8;30;3
04e384408ed1a2f4e308429b43aa5ee2db1b5a7ea459ec584a7b047656b95172;18/04/2018;2018;4;18;2
edd0ebcaf75707486593ba494f743f68d78c6d1d944b35148b877ae441e05f54;28/01/2018;2018;1;28;1
3a618c24a33d7a8580fe0b41d55afed0c9547810b057e5250abfc53990d29e0d;09/12/2017;2017;12;9;4
f051a0678adc37db6e850c8b814d380668d093cc468c3039dc3d6512de1b2f96;07/07/2018;2018;7;7;3
b42d196f731d93f34bc612595b4b620038d0161f612b32b0d96f19f480f9e6ad;01/06/2017;2017;6;1;2
4c6f2434fed3f3850c60410594bc58d92215f8add6e6d533d82fd88666fa04ae;06/04/2017;2017;4;6;2
9527cdba1d9a0700cd8a48b39b32bb7eeeb851aa7feafba96172c66a2cb74a5f;10/02/2017;2017;2;10;1
d7182c20d2be7d6ec002ed24ee838316f641af335779bed29e5c63f772315b54;31/10/2018;2018;10;31;4
6d7e305ecab0977f9ab040b42cd46afcf1fc0cf0a0c529dff1fdb6f39b65efe8;13/12/2017;2017;12;13;4
0900bd1b65179391b38f932536a51a37910824b8997b873561df57b8b22050f5;27/07/2017;2017;7;27;3
17442996368891bb24efdb6da94d57a7653f97ac809ac27ff714ba34aaaa9d7f;28/05/2018;2018;5;28;2
80bb5563c00386306a50ba44bc33c4be038b7d8b3efd6a2c40a548542201fbdd;22/12/2017;2017;12;22;4
cfab6405c86000b3db28de28a6e61a171efcb6fb96fb999fe82ca94d2af54cac;14/02/2018;2018;2;14;1
9673a5aa302c99d83d7da3331fcafdb924ce56238c7fa779aca5aafc91929809;26/11/2017;2017;11;26;4
5d651255df2145c09201afa1411ae0fcb96d395039535623f0c5bca336b7d73b;19/08/2018;2018;8;19;3
97ac570b4858f871e866912eab5a2c35237a3fbe760b3c954860269eebf442d5;05/02/2019;2019;2;5;1
8aac6edf5d4501e16f3667ccc8dcdc04799ee459b15a5893c97c9d31a3e0aeb0;04/03/2019;2019;3;4;1
d3797e821601770808e029160a63dc1b850eff94aac75a9d49358196fd5c7506;25/12/2018;2018;12;25;4
7e7cfc2a147cdf10ac41346fa61a4ad6681cbbe25e26242402239c202c0e5660;03/11/2017;2017;11;3;4
daaffc27659056580b9ce4e503c0174478a98342cfacb56c0b20a3b85b1ca8b5;04/05/2017;2017;5;4;2
9f9691e3ecc3bb1790757d5e4a36a1559eced8a8562dd1526144e218dc472c6c;06/08/2017;2017;8;6;3
d1369f6401371c3585884176b1fe626b5a7946e2ad40c3bfb24bcd8667e2e4b7;09/09/2017;2017;9;9;3
bb4eeb3f5540dadc1b0de82c653de9aa42e3a835cb1ce594ecc6e219382f1ce6;05/11/2018;2018;11;5;4
81a31b837886fbe4f4d6d8d4929868ad6a50b275158b8aac2c7f1bf8f88b7afe;25/04/2018;2018;4;25;2
d834a5f5072c2901db44e3bc15be7c0cf73ca8f86deaca278b244aaf737b1dab;07/01/2019;2019;1;7;1
0c319ead07671cbe7a6c49ada646156ff24b4a033035cec266be572a91c68ff1;10/06/2017;2017;6;10;2
d4a69143ee50391f9ecf57652368b406dcdd98757fe043d7e845677aafb7b5a4;02/09/2018;2018;9;2;3
4f95ba0c63a19d7443713b61569177b720fa3764d130b7f1d3f429b63d211429;28/01/2019;2019;1;28;1
ac7c5cb0921c700c2aab97c4c04998681c66906b6d7330f53360ab49cad097dd;29/10/2018;2018;10;29;4
009e0512f243c520a562f39892c90d494cb3d94e233c392da4fda861133f4f35;28/04/2017;2017;4;28;2
ed504cb0146276a3e030e1767ecff895e252bf9c709dbe39f66cbbfb723f948e;21/06/2018;2018;6;21;2
28054ca22bf0f08bc0427634de1ffc4b3dc69b1453128448346da91d87aa641d;25/08/2017;2017;8;25;3
4b6f29f022380361fa5ca95f4c73764e3c1267556070ac9695b415db87756c27;21/04/2017;2017;4;21;2
4a92ff88cb055cd053654d126de7c47b105d3bab17244ff9b0edcc83d340b3fb;30/09/2018;2018;9;30;3
0c3693061d60bfbb122ec5b36e10c9f4ee6cab1bcaf9a91d315bb1facb1759de;11/03/2017;2017;3;11;1
1decbd788b50ae359ea500d87c5e8ab2f5eac1e7a5bb3482c72c500ec46bbbb3;22/07/2017;2017;7;22;3
89d90998f6d10700927feb291bfb8ac72069ed6c7396d418c76ca32d8ef01aba;24/12/2017;2017;12;24;4
d4943e95975ff1d9164ea8f62ffa2c753d8f55eb7f96545bf489378401e7a992;08/04/2018;2018;4;8;2
ef941932dec10e36bb8ea07725c272f1a0bf0e9dcbd57e0b954d5b102e9b086a;29/12/2018;2018;12;29;4
a91d118abcb12c0324fff1a7c7deb5a7737f4d7801f1fa50cfb6129ddb28ca40;02/10/2018;2018;10;2;4
6d8d311c4f2f62207b0477948dd6c3a76d00ccf7df61e44fd2a0f78574ab036a;21/11/2018;2018;11;21;4
55fdc6ab01938c3fdffe53697a7439f7a7ba5ae2dd67c1fe42f22de5e424dd9f;14/11/2018;2018;11;14;4
8037eef65ad6fbf615c0673bc48a8b0bb5ec8b66be63ca9d789dbd9446c0a83e;14/03/2018;2018;3;14;1
ba0c740fcc4088d6027d25c765c7794cded4a56816f012380ebab0121b2038cd;18/02/2019;2019;2;18;1
ad5054b88d840b7c23525968dc6815ab6625a734b33760538c4eaffc070bfe58;04/11/2018;2018;11;4;4
4b74e1e312fbcf49aae94cdeb6ae5927be680879ed52b6cd012680cb5fc7fefd;15/10/2017;2017;10;15;4
eb8f8ba1f5a84ccb40cc86715fad5ab916226c3116238c37ff0a9ccb81afaded;06/01/2018;2018;1;6;1
d15dd40843f323c295082d92a8d6e2c6be055d1d133803f8db4b60d250a14b40;13/10/2017;2017;10;13;4
ff0ded850009b53b5cc119e9da80bf2b4431bbb14f97a4db7a2d2084dab4547b;13/02/2019;2019;2;13;1
779457aac99a6f1adc4a8e2f8602aa36ce34a6bba73d212ebca6c94292f47bf5;26/04/2017;2017;4;26;2
01a7d51a9825fc1c05d6e8ca0962a459a6e2d79c41edf18afae51040a6d00eb2;22/10/2017;2017;10;22;4
3126fa35636f77ade7166d725cf2cc0985ea371ce8e7c1eb777fbc0aa676be61;28/08/2018;2018;8;28;3
9fa773d367d4f948731ec439d574f096b676de1bcddf057a191b63db1feb5427;30/12/2017;2017;12;30;4
5dc57d36a0e84c412cee410cf2565b3d71bdc6c98752e3313a8e20dd9bb64e7b;26/03/2017;2017;3;26;1
2441292a8077da0d09d78734f962f73b630f734d99ada15ea317332f2cb786bc;24/02/2017;2017;2;24;1
726963807a4499c769bbfd8a8335a2e86a0529521930ec87cf00a7fbe40ed8fd;14/05/2018;2018;5;14;2
15aef2686976cbf152721a7a24c3af45df9f8d0c03fd0c5db263e51eb27cdf71;18/07/2018;2018;7;18;3
0bef1e916387d1007e2794eb447051fa7cb06d8cbb1ff66a4e6a2b1d69fe5425;23/06/2017;2017;6;23;2
84c0495ae07cb869232bd15c8db5a5ac32ebc571fe3b2a51fc772f2339ca7fb8;03/07/2017;2017;7;3;3
f4847704c0bd229cb7f9b17485445ed8577e21ae3fb30b9e9fc495052edc82e0;22/12/2018;2018;12;22;4
ab3823bf87c2486b708de67d4dc950e3ec049a1d5962f30f3d1774bf692d0b4b;07/03/2018;2018;3;7;1
c905e4d65a15aedd1bb726942b3ff8ddcbb2e7eb05b97bb3a89dce1f99da3b56;08/12/2017;2017;12;8;4
33d58fa5f496b8dafdd5a1d2eb773839109574e72d37680db78701a0bfc2a662;19/02/2018;2018;2;19;1
0bf10041e867704e12638e99cc18b9dfc23319153a39409da5b9209d483c29f1;08/08/2018;2018;8;8;3
4a308dda3676f21d8cf3fcab63eefc16e1d7ce2c9dba98a9c1b1a7cda0ee3d55;14/08/2018;2018;8;14;3
e44ce2137bddf679d9787b25bfd4c17a5d6776ee47c04487da908d1b29878f5c;09/05/2018;2018;5;9;2
de08acaeb5c1ae7dd5ef4ca3bd4f25795503f9883bf10f6edd8a87a006afb857;22/05/2018;2018;5;22;2
ad4465f113c28d5ba362ae9204f98c24e063e5a3804b336dcf849885abd76e98;26/06/2018;2018;6;26;2
3c70c0808ab6f1040b7424141b9cecd9649c8248d937eda1d8866bc93a14b1b9;31/05/2017;2017;5;31;2
fe11ac6ea7312a159d90b4e90d976d048d71de77462851f1dd816adf622e1cd9;20/11/2018;2018;11;20;4
6dfa89fcad2d14899222aaaa4268ead2a142c6b8d0b4675d054fa79a204bf3b1;03/12/2017;2017;12;3;4
0d133a303fa57d902db3935616942ca1ed3243a14a84e758cd3d8390dc8fb697;19/04/2017;2017;4;19;2
c21b3b1804f64d5a030ec1342d1e066bd18e2364368e888232048d07037971d7;06/06/2018;2018;6;6;2
83af131157182ec9821b9f7bdbc5951b8d3fc2ecc464cb7773c0640945b8cc9e;11/05/2017;2017;5;11;2
7ef57ac525b8d3c49353d0268b8bff64bce58cef118a426db6368b5e5e831242;11/01/2018;2018;1;11;1
cb1ac6910d81e1c042e99ab7eac630eda6d077202561e5a01ed078bb28f989f3;08/02/2018;2018;2;8;1
bfb74769c1f33822bc5501070f288aa611e0f9454312bd738583f5829474e114;01/11/2017;2017;11;1;4
463f309581a50a87cc5724cd6deab68485112753a36a86a620659fded9679996;28/07/2018;2018;7;28;3
e5c4f1811d52f37a55c63a07090f535d5623325cca4c558e3bcc223dafe5d07d;28/05/2017;2017;5;28;2
401ded0339b078815aee677182466e35205f696298939e0099bfcbe1f7d2647b;03/11/2018;2018;11;3;4
2c051bdaf9b67430e4c24f1a86e2e096dfb877c6bdb3f933a93c2790dfffd8d1;04/03/2017;2017;3;4;1
30db34200ca6629d1754772179d5b9387871adebb11fba89caa0c2523a3b665a;21/07/2017;2017;7;21;3
887a4186a746126aa9350386097996bc0dd2f15d5385d469b7a6dd8d4a9a0a3d;19/01/2017;2017;1;19;1
e7a32bc3211fbc8e25d5ac42b4d22492068d2f53579a6f28e40300d99bc9ece5;25/11/2018;2018;11;25;4
cbe248b88d0cf7148dc2f19978c594bb1c0e370ea076dac8967a1d31c2e09920;12/02/2017;2017;2;12;1
85e4e146ad246e50fc117ce020d80d087a7d182e2c005ed67af5bda60947441b;08/06/2017;2017;6;8;2
768b4b330ea7f1e42e6e3ff622539fcc375836dc3ed75d1df268b9d2ea35e39a;23/03/2017;2017;3;23;1
ce53b213e86c7b3acbdc282200f6a554a4157753ff5bd244a46be605afd49b9e;26/02/2019;2019;2;26;1
a29b69b4f5b7726a26f63bf704cf9d761866bf16f15d10a9376df507e6ce2800;22/03/2017;2017;3;22;1
d6c74cf333cd83995f5dba3f55cc444e48870fb67c225b9fc28ce159c02e40b1;19/05/2017;2017;5;19;2
6d616de75448bf3465f4f85c549931673709c2bae5be5d6a57721e06b5687465;26/11/2018;2018;11;26;4
f4d13ff87bc307f5511d3a79fdf4bdf65b3fadaab80378237c70b404a5740a69;10/08/2017;2017;8;10;3
d1a5b082a0d5acb29cf5f0e82e4465861d7256b069f45860750f426a27011216;24/05/2017;2017;5;24;2
059fcd48e5e59cbfbbed9e89c6c77dd24321fcf187444d2c3435b289c9d7bedc;30/11/2017;2017;11;30;4
783970d0628640a471902d6cb4ce0376174cc53f14165d31d74b91930a054470;28/06/2018;2018;6;28;2
ea8f73b1953ff31790216b1c4b80b187694b1b8cf21c765c0a11b8088587cb4b;03/02/2017;2017;2;3;1
f8f4f06603093f2e6dab00980573b883597ff23fe05a24601799a4de8776e845;06/02/2019;2019;2;6;1
8d9a74cadfa64e269d439228a054dccb65d478180aa1c35b5ab34e6a9dc5bd35;22/01/2017;2017;1;22;1
2e22e8c8294a99461979c1b6648cb1681f5b34264116200aceca69b24d89f079;09/02/2017;2017;2;9;1
aeeda75d24fa5b168776fbfd6bc5ceed01b3fb6cf6c3d6b82d61cec0ef947f07;29/01/2017;2017;1;29;1
c0d242b2bea049a407bf451338f686b42e676c2b0cc0d6b2b143de3e72e22e9e;13/04/2017;2017;4;13;2
2c78b03835cade1b1dfd6cdd33d1e9963c166265874cf02e2bd977dff39223a8;29/06/2017;2017;6;29;2
